name,avg_Hs,StdDev_Hs,N_Hs
Hs_CEU,0.0853950212158359,0.0613333480263416,6069
Hs_NE,0.0522715895272566,0.0558415803310748,12629
Hs_NEU,0.102699826423543,0.0632175841519169,5091
Hs_PNW,0.067772884978931,0.0594707013002856,8153
Hs_SEU,0.140423793442665,0.0562013170017726,2557
Hs_WEU,0.100663101598178,0.0618167941720849,5552
