name,avg_Hs,StdDev_Hs,N_Hs
Hs_CEU,0.0826273363678168,0.0619162443024423,5669
Hs_NE,0.0510163348821039,0.0554703052191602,11535
Hs_NEU,0.098458230700877,0.0642516872434108,4810
Hs_PNW,0.0676034393270159,0.0593685241593267,7395
Hs_SEU,0.114598500718727,0.0589653194268152,3161
Hs_WEU,0.0953213079180225,0.0617707893678687,5207
